{"expression": {"__ndarray__": [6, 7, 8, 9], "dtype": "int32", "shape": [4]}, "dot_prod": 20, "length_a": 5.477225575051661, "length_b": 5.477225575051661, "angle": 0.6666666666666666, "dir_a": {"__ndarray__": [0.18257418583505536, 0.3651483716701107, 0.5477225575051661, 0.7302967433402214], "dtype": "float64", "shape": [4]}, "dir_b": {"__ndarray__": [0.7302967433402214, 0.5477225575051661, 0.3651483716701107, 0.18257418583505536], "dtype": "float64", "shape": [4]}, "a_proj_b": {"__ndarray__": [2.6666666666666665, 2.0, 1.3333333333333333, 0.6666666666666666], "dtype": "float64", "shape": [4]}, "b_proj_a": {"__ndarray__": [0.6666666666666666, 1.3333333333333333, 2.0, 2.6666666666666665], "dtype": "float64", "shape": [4]}, "a_orth_b": {"__ndarray__": [-1.6666666666666665, 0.0, 1.6666666666666667, 3.3333333333333335], "dtype": "float64", "shape": [4]}, "b_orth_a": {"__ndarray__": [3.3333333333333335, 1.6666666666666667, 0.0, -1.6666666666666665], "dtype": "float64", "shape": [4]}}