{"task1": {"__ndarray__": [-1.0], "dtype": "float64", "shape": [1]}, "task2": {"__ndarray__": [-0.8, -0.6], "dtype": "float64", "shape": [2]}, "task3": {"__ndarray__": [0.5, -0.5, -0.5, 0.5], "dtype": "float64", "shape": [4]}, "task4": {"__ndarray__": [0.6666666666666666, 0.5, 0.3333333333333333, 0.16666666666666666, 0.3333333333333333, 0.16666666666666666, 0.16666666666666666], "dtype": "float64", "shape": [7]}}